filename,label
IMG2549_6.jpg,a
IMG2549_10.jpg,a
IMG2549_54.jpg,a
IMG2549_70.jpg,a
IMG2549_105.jpg,a
IMG2549_114.jpg,a
IMG2514_8.jpg,a
IMG2565_15.jpg,a
IMG2559_6.jpg,a
IMG2559_15.jpg,a
IMG2564_46.jpg,a
IMG2564_51.jpg,a
IMG2556_14.jpg,a
IMG2556_18.jpg,a
IMG2557_2.jpg,a
IMG2557_11.jpg,a
IMG2557_25.jpg,a
IMG2557_27.jpg,a
IMG2557_43.jpg,a
IMG2554_2.jpg,a
IMG2554_4.jpg,a
IMG2554_24.jpg,a
IMG2554_37.jpg,a
IMG2554_49.jpg,a
IMG2554_58.jpg,a
IMG2555_29.jpg,a
IMG2555_54.jpg,a
IMG2555_64.jpg,a
IMG2555_72.jpg,a
IMG2561_31.jpg,a
IMG2550_2.jpg,a
IMG2550_10.jpg,a
IMG2550_53.jpg,a
IMG2553_43.jpg,a
IMG2547_1.jpg,a
IMG2547_10.jpg,a
IMG2547_30.jpg,a
IMG2547_32.jpg,a
IMG2547_41.jpg,a
IMG2548_4.jpg,a
IMG2548_24.jpg,a
IMG2548_42.jpg,a
IMG2548_44.jpg,a
IMG2551_2.jpg,a
IMG2551_33.jpg,a
IMG2551_37.jpg,a
IMG2551_70.jpg,a
IMG2551_74.jpg,a
IMG2549_15.jpg,c
IMG2549_34.jpg,c
IMG2549_109.jpg,c
IMG2514_7.jpg,c
IMG2514_27.jpg,c
IMG2559_21.jpg,c
IMG2564_24.jpg,c
IMG2564_25.jpg,c
IMG2556_19.jpg,c
IMG2556_23.jpg,c
IMG2556_54.jpg,c
IMG2557_14.jpg,c
IMG2557_24.jpg,c
IMG2563_31.jpg,c
IMG2554_46.jpg,c
IMG2554_54.jpg,c
IMG2555_38.jpg,c
IMG2555_43.jpg,c
IMG2561_40.jpg,c
IMG2561_46.jpg,c
IMG2561_47.jpg,c
IMG2550_43.jpg,c
IMG2550_49.jpg,c
IMG2550_50.jpg,c
IMG2553_24.jpg,c
IMG2553_31.jpg,c
IMG2547_24.jpg,c
IMG2548_5.jpg,c
IMG2551_10.jpg,c
IMG2551_24.jpg,c
IMG2551_52.jpg,c
IMG2551_54.jpg,c
IMG_2442_17.jpg,c
IMG2549_29.jpg,d
IMG2549_86.jpg,d
IMG2514_4.jpg,d
IMG2514_33.jpg,d
IMG2559_29.jpg,d
IMG2564_57.jpg,d
IMG2556_12.jpg,d
IMG2557_21.jpg,d
IMG2563_17.jpg,d
IMG2554_13.jpg,d
IMG2555_3.jpg,d
IMG2555_11.jpg,d
IMG2561_18.jpg,d
IMG2550_1.jpg,d
IMG2550_3.jpg,d
IMG2550_28.jpg,d
IMG2550_37.jpg,d
IMG2550_51.jpg,d
IMG2553_14.jpg,d
IMG2553_18.jpg,d
IMG2553_48.jpg,d
IMG2547_0.jpg,d
IMG2547_16.jpg,d
IMG2548_8.jpg,d
IMG2551_5.jpg,d
IMG2551_8.jpg,d
IMG_2442_4.jpg,d
IMG_2438_7.jpg,d
IMG2549_45.jpg,e
IMG2549_46.jpg,e
IMG2549_67.jpg,e
IMG2549_121.jpg,e
IMG2514_3.jpg,e
IMG2514_10.jpg,e
IMG2565_3.jpg,e
IMG2559_5.jpg,e
IMG2559_8.jpg,e
IMG2559_11.jpg,e
IMG2559_23.jpg,e
IMG2564_1.jpg,e
IMG2564_9.jpg,e
IMG2564_32.jpg,e
IMG2564_34.jpg,e
IMG2564_50.jpg,e
IMG2564_56.jpg,e
IMG2556_28.jpg,e
IMG2556_43.jpg,e
IMG2556_56.jpg,e
IMG2557_8.jpg,e
IMG2557_48.jpg,e
IMG2554_15.jpg,e
IMG2554_20.jpg,e
IMG2554_32.jpg,e
IMG2554_33.jpg,e
IMG2554_59.jpg,e
IMG2555_17.jpg,e
IMG2555_53.jpg,e
IMG2555_57.jpg,e
IMG2561_1.jpg,e
IMG2561_11.jpg,e
IMG2561_12.jpg,e
IMG2561_33.jpg,e
IMG2553_21.jpg,e
IMG2553_23.jpg,e
IMG2553_26.jpg,e
IMG2553_28.jpg,e
IMG2553_34.jpg,e
IMG2553_35.jpg,e
IMG2547_31.jpg,e
IMG2548_12.jpg,e
IMG2548_16.jpg,e
IMG2548_22.jpg,e
IMG_2505_3.jpg,e
IMG2549_32.jpg,f
IMG2549_51.jpg,f
IMG2549_88.jpg,f
IMG2559_0.jpg,f
IMG2559_32.jpg,f
IMG2564_15.jpg,f
IMG2556_16.jpg,f
IMG2556_34.jpg,f
IMG2557_47.jpg,f
IMG2563_34.jpg,f
IMG2554_7.jpg,f
IMG2554_31.jpg,f
IMG2554_42.jpg,f
IMG2555_46.jpg,f
IMG2561_7.jpg,f
IMG2561_28.jpg,f
IMG2561_29.jpg,f
IMG2561_50.jpg,f
IMG2561_52.jpg,f
IMG2550_9.jpg,f
IMG2550_44.jpg,f
IMG2553_6.jpg,f
IMG2553_8.jpg,f
IMG2553_37.jpg,f
IMG2553_40.jpg,f
IMG2548_2.jpg,f
IMG2548_11.jpg,f
IMG2548_19.jpg,f
IMG2548_25.jpg,f
IMG2551_12.jpg,f
IMG2551_23.jpg,f
IMG2551_46.jpg,f
IMG_2505_2.jpg,f
IMG2549_71.jpg,i
IMG2549_72.jpg,i
IMG2514_6.jpg,i
IMG2565_16.jpg,i
IMG2559_13.jpg,i
IMG2559_35.jpg,i
IMG2559_37.jpg,i
IMG2564_5.jpg,i
IMG2564_12.jpg,i
IMG2564_29.jpg,i
IMG2564_33.jpg,i
IMG2564_36.jpg,i
IMG2556_7.jpg,i
IMG2556_32.jpg,i
IMG2556_36.jpg,i
IMG2566_5.jpg,i
IMG2557_12.jpg,i
IMG2557_40.jpg,i
IMG2563_3.jpg,i
IMG2563_15.jpg,i
IMG2554_18.jpg,i
IMG2554_29.jpg,i
IMG2554_40.jpg,i
IMG2554_43.jpg,i
IMG2554_44.jpg,i
IMG2555_8.jpg,i
IMG2555_28.jpg,i
IMG2561_0.jpg,i
IMG2561_22.jpg,i
IMG2561_32.jpg,i
IMG2561_35.jpg,i
IMG2561_38.jpg,i
IMG2561_49.jpg,i
IMG2561_54.jpg,i
IMG2550_20.jpg,i
IMG2550_35.jpg,i
IMG2550_40.jpg,i
IMG2550_45.jpg,i
IMG2553_20.jpg,i
IMG2553_25.jpg,i
IMG2553_27.jpg,i
IMG2553_47.jpg,i
IMG2548_0.jpg,i
IMG2548_45.jpg,i
IMG2548_46.jpg,i
IMG2551_28.jpg,i
IMG2551_29.jpg,i
IMG2551_36.jpg,i
IMG2551_60.jpg,i
IMG2551_62.jpg,i
IMG2551_72.jpg,i
IMG_2438_6.jpg,i
IMG_2438_20.jpg,i
IMG2549_3.jpg,l
IMG2514_22.jpg,l
IMG2514_37.jpg,l
IMG2565_2.jpg,l
IMG2559_2.jpg,l
IMG2559_18.jpg,l
IMG2564_23.jpg,l
IMG2564_37.jpg,l
IMG2564_40.jpg,l
IMG2556_9.jpg,l
IMG2556_57.jpg,l
IMG2557_44.jpg,l
IMG2563_20.jpg,l
IMG2563_33.jpg,l
IMG2554_17.jpg,l
IMG2554_48.jpg,l
IMG2554_51.jpg,l
IMG2554_56.jpg,l
IMG2554_64.jpg,l
IMG2555_0.jpg,l
IMG2555_18.jpg,l
IMG2555_41.jpg,l
IMG2555_61.jpg,l
IMG2555_68.jpg,l
IMG2555_70.jpg,l
IMG2561_13.jpg,l
IMG2561_14.jpg,l
IMG2561_43.jpg,l
IMG2561_51.jpg,l
IMG2561_55.jpg,l
IMG2550_57.jpg,l
IMG2553_7.jpg,l
IMG2553_15.jpg,l
IMG2553_42.jpg,l
IMG2547_29.jpg,l
IMG2547_40.jpg,l
IMG2547_42.jpg,l
IMG2548_13.jpg,l
IMG2548_15.jpg,l
IMG2548_26.jpg,l
IMG2548_29.jpg,l
IMG2551_44.jpg,l
IMG2551_69.jpg,l
IMG_2442_13.jpg,l
IMG_2438_10.jpg,l
IMG_2438_21.jpg,l
IMG2549_25.jpg,m
IMG2549_37.jpg,m
IMG2549_93.jpg,m
IMG2565_6.jpg,m
IMG2565_13.jpg,m
IMG2559_25.jpg,m
IMG2564_64.jpg,m
IMG2556_5.jpg,m
IMG2556_48.jpg,m
IMG2557_23.jpg,m
IMG2557_46.jpg,m
IMG2554_0.jpg,m
IMG2554_10.jpg,m
IMG2555_30.jpg,m
IMG2555_40.jpg,m
IMG2555_69.jpg,m
IMG2561_3.jpg,m
IMG2561_23.jpg,m
IMG2561_26.jpg,m
IMG2561_41.jpg,m
IMG2553_2.jpg,m
IMG2553_12.jpg,m
IMG2547_23.jpg,m
IMG2548_10.jpg,m
IMG2548_27.jpg,m
IMG2548_47.jpg,m
IMG2551_20.jpg,m
IMG2551_58.jpg,m
IMG_2442_7.jpg,m
IMG2549_23.jpg,n
IMG2549_47.jpg,n
IMG2549_53.jpg,n
IMG2549_56.jpg,n
IMG2549_116.jpg,n
IMG2549_122.jpg,n
IMG2514_35.jpg,n
IMG2514_39.jpg,n
IMG2556_0.jpg,n
IMG2566_9.jpg,n
IMG2557_36.jpg,n
IMG2557_38.jpg,n
IMG2554_5.jpg,n
IMG2555_1.jpg,n
IMG2555_4.jpg,n
IMG2555_16.jpg,n
IMG2555_22.jpg,n
IMG2555_24.jpg,n
IMG2561_37.jpg,n
IMG2561_48.jpg,n
IMG2550_13.jpg,n
IMG2550_14.jpg,n
IMG2553_29.jpg,n
IMG2547_11.jpg,n
IMG2547_14.jpg,n
IMG2548_3.jpg,n
IMG2548_28.jpg,n
IMG2548_38.jpg,n
IMG2551_61.jpg,n
IMG2551_66.jpg,n
IMG_2442_6.jpg,n
IMG_2442_10.jpg,n
IMG2549_28.jpg,o
IMG2549_75.jpg,o
IMG2549_89.jpg,o
IMG2549_103.jpg,o
IMG2549_106.jpg,o
IMG2514_13.jpg,o
IMG2514_21.jpg,o
IMG2565_17.jpg,o
IMG2559_14.jpg,o
IMG2559_24.jpg,o
IMG2564_11.jpg,o
IMG2564_22.jpg,o
IMG2564_31.jpg,o
IMG2564_53.jpg,o
IMG2556_37.jpg,o
IMG2566_3.jpg,o
IMG2566_6.jpg,o
IMG2557_32.jpg,o
IMG2557_52.jpg,o
IMG2563_4.jpg,o
IMG2563_27.jpg,o
IMG2563_32.jpg,o
IMG2554_1.jpg,o
IMG2554_34.jpg,o
IMG2554_35.jpg,o
IMG2554_53.jpg,o
IMG2554_55.jpg,o
IMG2554_57.jpg,o
IMG2555_19.jpg,o
IMG2555_23.jpg,o
IMG2555_31.jpg,o
IMG2555_51.jpg,o
IMG2555_62.jpg,o
IMG2555_71.jpg,o
IMG2555_74.jpg,o
IMG2561_15.jpg,o
IMG2561_25.jpg,o
IMG2561_36.jpg,o
IMG2550_15.jpg,o
IMG2550_63.jpg,o
IMG2553_0.jpg,o
IMG2553_19.jpg,o
IMG2553_45.jpg,o
IMG2547_4.jpg,o
IMG2547_17.jpg,o
IMG2547_22.jpg,o
IMG2547_28.jpg,o
IMG2547_38.jpg,o
IMG2548_32.jpg,o
IMG2551_1.jpg,o
IMG2551_49.jpg,o
IMG_2442_15.jpg,o
IMG_2438_11.jpg,o
IMG2549_8.jpg,r
IMG2549_27.jpg,r
IMG2549_74.jpg,r
IMG2549_117.jpg,r
IMG2514_38.jpg,r
IMG2565_10.jpg,r
IMG2565_14.jpg,r
IMG2565_18.jpg,r
IMG2559_31.jpg,r
IMG2564_49.jpg,r
IMG2564_59.jpg,r
IMG2564_61.jpg,r
IMG2556_3.jpg,r
IMG2556_4.jpg,r
IMG2556_15.jpg,r
IMG2556_21.jpg,r
IMG2556_24.jpg,r
IMG2556_46.jpg,r
IMG2566_4.jpg,r
IMG2566_10.jpg,r
IMG2557_6.jpg,r
IMG2557_7.jpg,r
IMG2557_16.jpg,r
IMG2557_45.jpg,r
IMG2557_49.jpg,r
IMG2563_21.jpg,r
IMG2554_16.jpg,r
IMG2555_27.jpg,r
IMG2555_36.jpg,r
IMG2555_59.jpg,r
IMG2555_63.jpg,r
IMG2561_45.jpg,r
IMG2561_53.jpg,r
IMG2550_0.jpg,r
IMG2550_5.jpg,r
IMG2550_61.jpg,r
IMG2550_66.jpg,r
IMG2547_12.jpg,r
IMG2547_15.jpg,r
IMG2547_20.jpg,r
IMG2548_21.jpg,r
IMG2551_43.jpg,r
IMG2551_47.jpg,r
IMG2551_55.jpg,r
IMG2551_59.jpg,r
IMG2551_65.jpg,r
IMG2551_71.jpg,r
IMG2549_5.jpg,s
IMG2549_36.jpg,s
IMG2549_92.jpg,s
IMG2514_19.jpg,s
IMG2514_23.jpg,s
IMG2514_31.jpg,s
IMG2559_19.jpg,s
IMG2559_41.jpg,s
IMG2564_3.jpg,s
IMG2564_27.jpg,s
IMG2564_38.jpg,s
IMG2564_41.jpg,s
IMG2556_6.jpg,s
IMG2556_38.jpg,s
IMG2556_39.jpg,s
IMG2556_44.jpg,s
IMG2556_45.jpg,s
IMG2556_50.jpg,s
IMG2556_52.jpg,s
IMG2556_53.jpg,s
IMG2557_17.jpg,s
IMG2557_18.jpg,s
IMG2557_34.jpg,s
IMG2557_41.jpg,s
IMG2557_50.jpg,s
IMG2563_10.jpg,s
IMG2554_14.jpg,s
IMG2554_25.jpg,s
IMG2554_27.jpg,s
IMG2554_63.jpg,s
IMG2554_66.jpg,s
IMG2555_20.jpg,s
IMG2555_32.jpg,s
IMG2561_5.jpg,s
IMG2561_27.jpg,s
IMG2561_30.jpg,s
IMG2561_44.jpg,s
IMG2550_24.jpg,s
IMG2550_25.jpg,s
IMG2550_27.jpg,s
IMG2550_38.jpg,s
IMG2550_56.jpg,s
IMG2553_1.jpg,s
IMG2553_4.jpg,s
IMG2553_38.jpg,s
IMG2547_26.jpg,s
IMG2547_36.jpg,s
IMG2547_37.jpg,s
IMG2551_17.jpg,s
IMG2551_45.jpg,s
IMG2551_48.jpg,s
IMG2551_50.jpg,s
IMG2551_63.jpg,s
IMG2551_67.jpg,s
IMG2551_73.jpg,s
IMG_2442_3.jpg,s
IMG_2438_23.jpg,s
IMG2549_2.jpg,t
IMG2549_11.jpg,t
IMG2549_42.jpg,t
IMG2549_57.jpg,t
IMG2549_61.jpg,t
IMG2514_9.jpg,t
IMG2565_8.jpg,t
IMG2559_3.jpg,t
IMG2564_2.jpg,t
IMG2564_4.jpg,t
IMG2564_13.jpg,t
IMG2564_16.jpg,t
IMG2564_62.jpg,t
IMG2556_40.jpg,t
IMG2556_49.jpg,t
IMG2557_19.jpg,t
IMG2557_51.jpg,t
IMG2563_5.jpg,t
IMG2554_3.jpg,t
IMG2554_19.jpg,t
IMG2554_30.jpg,t
IMG2554_67.jpg,t
IMG2555_6.jpg,t
IMG2555_7.jpg,t
IMG2555_10.jpg,t
IMG2561_24.jpg,t
IMG2550_8.jpg,t
IMG2550_29.jpg,t
IMG2553_9.jpg,t
IMG2553_32.jpg,t
IMG2553_44.jpg,t
IMG2548_9.jpg,t
IMG2548_43.jpg,t
IMG2551_26.jpg,t
IMG2551_34.jpg,t
IMG2551_53.jpg,t
IMG2549_12.jpg,w
IMG2549_17.jpg,w
IMG2549_21.jpg,w
IMG2549_64.jpg,w
IMG2514_2.jpg,w
IMG2564_8.jpg,w
IMG2556_27.jpg,w
IMG2556_47.jpg,w
IMG2557_4.jpg,w
IMG2555_14.jpg,w
IMG2555_73.jpg,w
IMG2550_22.jpg,w
IMG2550_32.jpg,w
IMG2550_60.jpg,w
IMG2553_3.jpg,w
IMG2547_25.jpg,w
IMG2548_6.jpg,w
IMG2551_30.jpg,w
IMG2551_40.jpg,w
IMG2551_42.jpg,w
IMG2549_14.jpg,y
IMG2549_78.jpg,y
IMG2549_85.jpg,y
IMG2549_97.jpg,y
IMG2514_26.jpg,y
IMG2559_34.jpg,y
IMG2564_30.jpg,y
IMG2564_42.jpg,y
IMG2556_10.jpg,y
IMG2556_11.jpg,y
IMG2556_26.jpg,y
IMG2566_8.jpg,y
IMG2557_26.jpg,y
IMG2557_33.jpg,y
IMG2557_35.jpg,y
IMG2563_9.jpg,y
IMG2563_23.jpg,y
IMG2554_28.jpg,y
IMG2554_38.jpg,y
IMG2554_60.jpg,y
IMG2554_61.jpg,y
IMG2555_2.jpg,y
IMG2555_42.jpg,y
IMG2555_50.jpg,y
IMG2561_2.jpg,y
IMG2550_18.jpg,y
IMG2550_31.jpg,y
IMG2550_41.jpg,y
IMG2550_62.jpg,y
IMG2548_14.jpg,y
IMG2548_23.jpg,y
IMG2548_34.jpg,y
IMG2551_16.jpg,y
IMG2551_22.jpg,y
IMG2551_39.jpg,y
IMG2551_68.jpg,y
IMG_2442_5.jpg,y
IMG_2442_12.jpg,y
IMG_2438_8.jpg,y
IMG_2438_22.jpg,y
IMG2565_11.jpg,.
IMG2559_4.jpg,.
IMG2559_30.jpg,.
IMG2564_6.jpg,.
IMG2556_33.jpg,.
IMG2556_41.jpg,.
IMG2557_42.jpg,.
IMG2563_8.jpg,.
IMG2554_50.jpg,.
IMG2554_52.jpg,.
IMG2555_35.jpg,.
IMG2555_49.jpg,.
IMG2561_17.jpg,.
IMG2550_4.jpg,.
IMG2550_19.jpg,.
IMG2550_39.jpg,.
IMG2553_16.jpg,.
IMG2547_33.jpg,.
IMG2548_31.jpg,.
IMG2551_27.jpg,.
IMG2551_56.jpg,.
IMG2549_52.jpg,caps
IMG2549_118.jpg,caps
IMG2514_1.jpg,caps
IMG2559_12.jpg,caps
IMG2559_20.jpg,caps
IMG2564_52.jpg,caps
IMG2564_65.jpg,caps
IMG2556_13.jpg,caps
IMG2557_20.jpg,caps
IMG2557_22.jpg,caps
IMG2563_1.jpg,caps
IMG2554_22.jpg,caps
IMG2554_36.jpg,caps
IMG2555_75.jpg,caps
IMG2561_20.jpg,caps
IMG2550_21.jpg,caps
IMG2550_54.jpg,caps
IMG2550_55.jpg,caps
IMG2551_25.jpg,caps
IMG2551_41.jpg,caps
IMG2549_6.jpg,a
IMG2549_10.jpg,a
IMG2549_54.jpg,a
IMG2549_70.jpg,a
IMG2549_105.jpg,a
IMG2549_114.jpg,a
IMG2514_8.jpg,a
IMG2565_15.jpg,a
IMG2559_6.jpg,a
IMG2559_15.jpg,a
IMG2564_46.jpg,a
IMG2564_51.jpg,a
IMG2556_14.jpg,a
IMG2556_18.jpg,a
IMG2557_2.jpg,a
IMG2557_11.jpg,a
IMG2557_25.jpg,a
IMG2557_27.jpg,a
IMG2557_43.jpg,a
IMG2554_2.jpg,a
IMG2554_4.jpg,a
IMG2554_24.jpg,a
IMG2554_37.jpg,a
IMG2554_49.jpg,a
IMG2554_58.jpg,a
IMG2555_29.jpg,a
IMG2555_54.jpg,a
IMG2555_64.jpg,a
IMG2555_72.jpg,a
IMG2561_31.jpg,a
IMG2550_2.jpg,a
IMG2550_10.jpg,a
IMG2550_53.jpg,a
IMG2553_43.jpg,a
IMG2547_1.jpg,a
IMG2547_10.jpg,a
IMG2547_30.jpg,a
IMG2547_32.jpg,a
IMG2547_41.jpg,a
IMG2548_4.jpg,a
IMG2548_24.jpg,a
IMG2548_42.jpg,a
IMG2548_44.jpg,a
IMG2551_2.jpg,a
IMG2551_33.jpg,a
IMG2551_37.jpg,a
IMG2551_70.jpg,a
IMG2551_74.jpg,a
IMG2549_15.jpg,c
IMG2549_34.jpg,c
IMG2549_109.jpg,c
IMG2514_7.jpg,c
IMG2514_27.jpg,c
IMG2559_21.jpg,c
IMG2564_24.jpg,c
IMG2564_25.jpg,c
IMG2556_19.jpg,c
IMG2556_23.jpg,c
IMG2556_54.jpg,c
IMG2557_14.jpg,c
IMG2557_24.jpg,c
IMG2563_31.jpg,c
IMG2554_46.jpg,c
IMG2554_54.jpg,c
IMG2555_38.jpg,c
IMG2555_43.jpg,c
IMG2561_40.jpg,c
IMG2561_46.jpg,c
IMG2561_47.jpg,c
IMG2550_43.jpg,c
IMG2550_49.jpg,c
IMG2550_50.jpg,c
IMG2553_24.jpg,c
IMG2553_31.jpg,c
IMG2547_24.jpg,c
IMG2548_5.jpg,c
IMG2551_10.jpg,c
IMG2551_24.jpg,c
IMG2551_52.jpg,c
IMG2551_54.jpg,c
IMG_2442_17.jpg,c
IMG2549_29.jpg,d
IMG2549_86.jpg,d
IMG2514_4.jpg,d
IMG2514_33.jpg,d
IMG2559_29.jpg,d
IMG2564_57.jpg,d
IMG2556_12.jpg,d
IMG2557_21.jpg,d
IMG2563_17.jpg,d
IMG2554_13.jpg,d
IMG2555_3.jpg,d
IMG2555_11.jpg,d
IMG2561_18.jpg,d
IMG2550_1.jpg,d
IMG2550_3.jpg,d
IMG2550_28.jpg,d
IMG2550_37.jpg,d
IMG2550_51.jpg,d
IMG2553_14.jpg,d
IMG2553_18.jpg,d
IMG2553_48.jpg,d
IMG2547_0.jpg,d
IMG2547_16.jpg,d
IMG2548_8.jpg,d
IMG2551_5.jpg,d
IMG2551_8.jpg,d
IMG_2442_4.jpg,d
IMG_2438_7.jpg,d
IMG2549_45.jpg,e
IMG2549_46.jpg,e
IMG2549_67.jpg,e
IMG2549_121.jpg,e
IMG2514_3.jpg,e
IMG2514_10.jpg,e
IMG2565_3.jpg,e
IMG2559_5.jpg,e
IMG2559_8.jpg,e
IMG2559_11.jpg,e
IMG2559_23.jpg,e
IMG2564_1.jpg,e
IMG2564_9.jpg,e
IMG2564_32.jpg,e
IMG2564_34.jpg,e
IMG2564_50.jpg,e
IMG2564_56.jpg,e
IMG2556_28.jpg,e
IMG2556_43.jpg,e
IMG2556_56.jpg,e
IMG2557_8.jpg,e
IMG2557_48.jpg,e
IMG2554_15.jpg,e
IMG2554_20.jpg,e
IMG2554_32.jpg,e
IMG2554_33.jpg,e
IMG2554_59.jpg,e
IMG2555_17.jpg,e
IMG2555_53.jpg,e
IMG2555_57.jpg,e
IMG2561_1.jpg,e
IMG2561_11.jpg,e
IMG2561_12.jpg,e
IMG2561_33.jpg,e
IMG2553_21.jpg,e
IMG2553_23.jpg,e
IMG2553_26.jpg,e
IMG2553_28.jpg,e
IMG2553_34.jpg,e
IMG2553_35.jpg,e
IMG2547_31.jpg,e
IMG2548_12.jpg,e
IMG2548_16.jpg,e
IMG2548_22.jpg,e
IMG_2505_3.jpg,e
IMG2549_32.jpg,f
IMG2549_51.jpg,f
IMG2549_88.jpg,f
IMG2559_0.jpg,f
IMG2559_32.jpg,f
IMG2564_15.jpg,f
IMG2556_16.jpg,f
IMG2556_34.jpg,f
IMG2557_47.jpg,f
IMG2563_34.jpg,f
IMG2554_7.jpg,f
IMG2554_31.jpg,f
IMG2554_42.jpg,f
IMG2555_46.jpg,f
IMG2561_7.jpg,f
IMG2561_28.jpg,f
IMG2561_29.jpg,f
IMG2561_50.jpg,f
IMG2561_52.jpg,f
IMG2550_9.jpg,f
IMG2550_44.jpg,f
IMG2553_6.jpg,f
IMG2553_8.jpg,f
IMG2553_37.jpg,f
IMG2553_40.jpg,f
IMG2548_2.jpg,f
IMG2548_11.jpg,f
IMG2548_19.jpg,f
IMG2548_25.jpg,f
IMG2551_12.jpg,f
IMG2551_23.jpg,f
IMG2551_46.jpg,f
IMG_2505_2.jpg,f
IMG2549_71.jpg,i
IMG2549_72.jpg,i
IMG2514_6.jpg,i
IMG2565_16.jpg,i
IMG2559_13.jpg,i
IMG2559_35.jpg,i
IMG2559_37.jpg,i
IMG2564_5.jpg,i
IMG2564_12.jpg,i
IMG2564_29.jpg,i
IMG2564_33.jpg,i
IMG2564_36.jpg,i
IMG2556_7.jpg,i
IMG2556_32.jpg,i
IMG2556_36.jpg,i
IMG2566_5.jpg,i
IMG2557_12.jpg,i
IMG2557_40.jpg,i
IMG2563_3.jpg,i
IMG2563_15.jpg,i
IMG2554_18.jpg,i
IMG2554_29.jpg,i
IMG2554_40.jpg,i
IMG2554_43.jpg,i
IMG2554_44.jpg,i
IMG2555_8.jpg,i
IMG2555_28.jpg,i
IMG2561_0.jpg,i
IMG2561_22.jpg,i
IMG2561_32.jpg,i
IMG2561_35.jpg,i
IMG2561_38.jpg,i
IMG2561_49.jpg,i
IMG2561_54.jpg,i
IMG2550_20.jpg,i
IMG2550_35.jpg,i
IMG2550_40.jpg,i
IMG2550_45.jpg,i
IMG2553_20.jpg,i
IMG2553_25.jpg,i
IMG2553_27.jpg,i
IMG2553_47.jpg,i
IMG2548_0.jpg,i
IMG2548_45.jpg,i
IMG2548_46.jpg,i
IMG2551_28.jpg,i
IMG2551_29.jpg,i
IMG2551_36.jpg,i
IMG2551_60.jpg,i
IMG2551_62.jpg,i
IMG2551_72.jpg,i
IMG_2438_6.jpg,i
IMG_2438_20.jpg,i
IMG2549_3.jpg,l
IMG2514_22.jpg,l
IMG2514_37.jpg,l
IMG2565_2.jpg,l
IMG2559_2.jpg,l
IMG2559_18.jpg,l
IMG2564_23.jpg,l
IMG2564_37.jpg,l
IMG2564_40.jpg,l
IMG2556_9.jpg,l
IMG2556_57.jpg,l
IMG2557_44.jpg,l
IMG2563_20.jpg,l
IMG2563_33.jpg,l
IMG2554_17.jpg,l
IMG2554_48.jpg,l
IMG2554_51.jpg,l
IMG2554_56.jpg,l
IMG2554_64.jpg,l
IMG2555_0.jpg,l
IMG2555_18.jpg,l
IMG2555_41.jpg,l
IMG2555_61.jpg,l
IMG2555_68.jpg,l
IMG2555_70.jpg,l
IMG2561_13.jpg,l
IMG2561_14.jpg,l
IMG2561_43.jpg,l
IMG2561_51.jpg,l
IMG2561_55.jpg,l
IMG2550_57.jpg,l
IMG2553_7.jpg,l
IMG2553_15.jpg,l
IMG2553_42.jpg,l
IMG2547_29.jpg,l
IMG2547_40.jpg,l
IMG2547_42.jpg,l
IMG2548_13.jpg,l
IMG2548_15.jpg,l
IMG2548_26.jpg,l
IMG2548_29.jpg,l
IMG2551_44.jpg,l
IMG2551_69.jpg,l
IMG_2442_13.jpg,l
IMG_2438_10.jpg,l
IMG_2438_21.jpg,l
IMG2549_25.jpg,m
IMG2549_37.jpg,m
IMG2549_93.jpg,m
IMG2565_6.jpg,m
IMG2565_13.jpg,m
IMG2559_25.jpg,m
IMG2564_64.jpg,m
IMG2556_5.jpg,m
IMG2556_48.jpg,m
IMG2557_23.jpg,m
IMG2557_46.jpg,m
IMG2554_0.jpg,m
IMG2554_10.jpg,m
IMG2555_30.jpg,m
IMG2555_40.jpg,m
IMG2555_69.jpg,m
IMG2561_3.jpg,m
IMG2561_23.jpg,m
IMG2561_26.jpg,m
IMG2561_41.jpg,m
IMG2553_2.jpg,m
IMG2553_12.jpg,m
IMG2547_23.jpg,m
IMG2548_10.jpg,m
IMG2548_27.jpg,m
IMG2548_47.jpg,m
IMG2551_20.jpg,m
IMG2551_58.jpg,m
IMG_2442_7.jpg,m
IMG2549_23.jpg,n
IMG2549_47.jpg,n
IMG2549_53.jpg,n
IMG2549_56.jpg,n
IMG2549_116.jpg,n
IMG2549_122.jpg,n
IMG2514_35.jpg,n
IMG2514_39.jpg,n
IMG2556_0.jpg,n
IMG2566_9.jpg,n
IMG2557_36.jpg,n
IMG2557_38.jpg,n
IMG2554_5.jpg,n
IMG2555_1.jpg,n
IMG2555_4.jpg,n
IMG2555_16.jpg,n
IMG2555_22.jpg,n
IMG2555_24.jpg,n
IMG2561_37.jpg,n
IMG2561_48.jpg,n
IMG2550_13.jpg,n
IMG2550_14.jpg,n
IMG2553_29.jpg,n
IMG2547_11.jpg,n
IMG2547_14.jpg,n
IMG2548_3.jpg,n
IMG2548_28.jpg,n
IMG2548_38.jpg,n
IMG2551_61.jpg,n
IMG2551_66.jpg,n
IMG_2442_6.jpg,n
IMG_2442_10.jpg,n
IMG2549_28.jpg,o
IMG2549_75.jpg,o
IMG2549_89.jpg,o
IMG2549_103.jpg,o
IMG2549_106.jpg,o
IMG2514_13.jpg,o
IMG2514_21.jpg,o
IMG2565_17.jpg,o
IMG2559_14.jpg,o
IMG2559_24.jpg,o
IMG2564_11.jpg,o
IMG2564_22.jpg,o
IMG2564_31.jpg,o
IMG2564_53.jpg,o
IMG2556_37.jpg,o
IMG2566_3.jpg,o
IMG2566_6.jpg,o
IMG2557_32.jpg,o
IMG2557_52.jpg,o
IMG2563_4.jpg,o
IMG2563_27.jpg,o
IMG2563_32.jpg,o
IMG2554_1.jpg,o
IMG2554_34.jpg,o
IMG2554_35.jpg,o
IMG2554_53.jpg,o
IMG2554_55.jpg,o
IMG2554_57.jpg,o
IMG2555_19.jpg,o
IMG2555_23.jpg,o
IMG2555_31.jpg,o
IMG2555_51.jpg,o
IMG2555_62.jpg,o
IMG2555_71.jpg,o
IMG2555_74.jpg,o
IMG2561_15.jpg,o
IMG2561_25.jpg,o
IMG2561_36.jpg,o
IMG2550_15.jpg,o
IMG2550_63.jpg,o
IMG2553_0.jpg,o
IMG2553_19.jpg,o
IMG2553_45.jpg,o
IMG2547_4.jpg,o
IMG2547_17.jpg,o
IMG2547_22.jpg,o
IMG2547_28.jpg,o
IMG2547_38.jpg,o
IMG2548_32.jpg,o
IMG2551_1.jpg,o
IMG2551_49.jpg,o
IMG_2442_15.jpg,o
IMG_2438_11.jpg,o
IMG2549_8.jpg,r
IMG2549_27.jpg,r
IMG2549_74.jpg,r
IMG2549_117.jpg,r
IMG2514_38.jpg,r
IMG2565_10.jpg,r
IMG2565_14.jpg,r
IMG2565_18.jpg,r
IMG2559_31.jpg,r
IMG2564_49.jpg,r
IMG2564_59.jpg,r
IMG2564_61.jpg,r
IMG2556_3.jpg,r
IMG2556_4.jpg,r
IMG2556_15.jpg,r
IMG2556_21.jpg,r
IMG2556_24.jpg,r
IMG2556_46.jpg,r
IMG2566_4.jpg,r
IMG2566_10.jpg,r
IMG2557_6.jpg,r
IMG2557_7.jpg,r
IMG2557_16.jpg,r
IMG2557_45.jpg,r
IMG2557_49.jpg,r
IMG2563_21.jpg,r
IMG2554_16.jpg,r
IMG2555_27.jpg,r
IMG2555_36.jpg,r
IMG2555_59.jpg,r
IMG2555_63.jpg,r
IMG2561_45.jpg,r
IMG2561_53.jpg,r
IMG2550_0.jpg,r
IMG2550_5.jpg,r
IMG2550_61.jpg,r
IMG2550_66.jpg,r
IMG2547_12.jpg,r
IMG2547_15.jpg,r
IMG2547_20.jpg,r
IMG2548_21.jpg,r
IMG2551_43.jpg,r
IMG2551_47.jpg,r
IMG2551_55.jpg,r
IMG2551_59.jpg,r
IMG2551_65.jpg,r
IMG2551_71.jpg,r
IMG2549_5.jpg,s
IMG2549_36.jpg,s
IMG2549_92.jpg,s
IMG2514_19.jpg,s
IMG2514_23.jpg,s
IMG2514_31.jpg,s
IMG2559_19.jpg,s
IMG2559_41.jpg,s
IMG2564_3.jpg,s
IMG2564_27.jpg,s
IMG2564_38.jpg,s
IMG2564_41.jpg,s
IMG2556_6.jpg,s
IMG2556_38.jpg,s
IMG2556_39.jpg,s
IMG2556_44.jpg,s
IMG2556_45.jpg,s
IMG2556_50.jpg,s
IMG2556_52.jpg,s
IMG2556_53.jpg,s
IMG2557_17.jpg,s
IMG2557_18.jpg,s
IMG2557_34.jpg,s
IMG2557_41.jpg,s
IMG2557_50.jpg,s
IMG2563_10.jpg,s
IMG2554_14.jpg,s
IMG2554_25.jpg,s
IMG2554_27.jpg,s
IMG2554_63.jpg,s
IMG2554_66.jpg,s
IMG2555_20.jpg,s
IMG2555_32.jpg,s
IMG2561_5.jpg,s
IMG2561_27.jpg,s
IMG2561_30.jpg,s
IMG2561_44.jpg,s
IMG2550_24.jpg,s
IMG2550_25.jpg,s
IMG2550_27.jpg,s
IMG2550_38.jpg,s
IMG2550_56.jpg,s
IMG2553_1.jpg,s
IMG2553_4.jpg,s
IMG2553_38.jpg,s
IMG2547_26.jpg,s
IMG2547_36.jpg,s
IMG2547_37.jpg,s
IMG2551_17.jpg,s
IMG2551_45.jpg,s
IMG2551_48.jpg,s
IMG2551_50.jpg,s
IMG2551_63.jpg,s
IMG2551_67.jpg,s
IMG2551_73.jpg,s
IMG_2442_3.jpg,s
IMG_2438_23.jpg,s
IMG2549_2.jpg,t
IMG2549_11.jpg,t
IMG2549_42.jpg,t
IMG2549_57.jpg,t
IMG2549_61.jpg,t
IMG2514_9.jpg,t
IMG2565_8.jpg,t
IMG2559_3.jpg,t
IMG2564_2.jpg,t
IMG2564_4.jpg,t
IMG2564_13.jpg,t
IMG2564_16.jpg,t
IMG2564_62.jpg,t
IMG2556_40.jpg,t
IMG2556_49.jpg,t
IMG2557_19.jpg,t
IMG2557_51.jpg,t
IMG2563_5.jpg,t
IMG2554_3.jpg,t
IMG2554_19.jpg,t
IMG2554_30.jpg,t
IMG2554_67.jpg,t
IMG2555_6.jpg,t
IMG2555_7.jpg,t
IMG2555_10.jpg,t
IMG2561_24.jpg,t
IMG2550_8.jpg,t
IMG2550_29.jpg,t
IMG2553_9.jpg,t
IMG2553_32.jpg,t
IMG2553_44.jpg,t
IMG2548_9.jpg,t
IMG2548_43.jpg,t
IMG2551_26.jpg,t
IMG2551_34.jpg,t
IMG2551_53.jpg,t
IMG2549_12.jpg,w
IMG2549_17.jpg,w
IMG2549_21.jpg,w
IMG2549_64.jpg,w
IMG2514_2.jpg,w
IMG2564_8.jpg,w
IMG2556_27.jpg,w
IMG2556_47.jpg,w
IMG2557_4.jpg,w
IMG2555_14.jpg,w
IMG2555_73.jpg,w
IMG2550_22.jpg,w
IMG2550_32.jpg,w
IMG2550_60.jpg,w
IMG2553_3.jpg,w
IMG2547_25.jpg,w
IMG2548_6.jpg,w
IMG2551_30.jpg,w
IMG2551_40.jpg,w
IMG2551_42.jpg,w
IMG2549_14.jpg,y
IMG2549_78.jpg,y
IMG2549_85.jpg,y
IMG2549_97.jpg,y
IMG2514_26.jpg,y
IMG2559_34.jpg,y
IMG2564_30.jpg,y
IMG2564_42.jpg,y
IMG2556_10.jpg,y
IMG2556_11.jpg,y
IMG2556_26.jpg,y
IMG2566_8.jpg,y
IMG2557_26.jpg,y
IMG2557_33.jpg,y
IMG2557_35.jpg,y
IMG2563_9.jpg,y
IMG2563_23.jpg,y
IMG2554_28.jpg,y
IMG2554_38.jpg,y
IMG2554_60.jpg,y
IMG2554_61.jpg,y
IMG2555_2.jpg,y
IMG2555_42.jpg,y
IMG2555_50.jpg,y
IMG2561_2.jpg,y
IMG2550_18.jpg,y
IMG2550_31.jpg,y
IMG2550_41.jpg,y
IMG2550_62.jpg,y
IMG2548_14.jpg,y
IMG2548_23.jpg,y
IMG2548_34.jpg,y
IMG2551_16.jpg,y
IMG2551_22.jpg,y
IMG2551_39.jpg,y
IMG2551_68.jpg,y
IMG_2442_5.jpg,y
IMG_2442_12.jpg,y
IMG_2438_8.jpg,y
IMG_2438_22.jpg,y
IMG2565_11.jpg,.
IMG2559_4.jpg,.
IMG2559_30.jpg,.
IMG2564_6.jpg,.
IMG2556_33.jpg,.
IMG2556_41.jpg,.
IMG2557_42.jpg,.
IMG2563_8.jpg,.
IMG2554_50.jpg,.
IMG2554_52.jpg,.
IMG2555_35.jpg,.
IMG2555_49.jpg,.
IMG2561_17.jpg,.
IMG2550_4.jpg,.
IMG2550_19.jpg,.
IMG2550_39.jpg,.
IMG2553_16.jpg,.
IMG2547_33.jpg,.
IMG2548_31.jpg,.
IMG2551_27.jpg,.
IMG2551_56.jpg,.
IMG2549_52.jpg,caps
IMG2549_118.jpg,caps
IMG2514_1.jpg,caps
IMG2559_12.jpg,caps
IMG2559_20.jpg,caps
IMG2564_52.jpg,caps
IMG2564_65.jpg,caps
IMG2556_13.jpg,caps
IMG2557_20.jpg,caps
IMG2557_22.jpg,caps
IMG2563_1.jpg,caps
IMG2554_22.jpg,caps
IMG2554_36.jpg,caps
IMG2555_75.jpg,caps
IMG2561_20.jpg,caps
IMG2550_21.jpg,caps
IMG2550_54.jpg,caps
IMG2550_55.jpg,caps
IMG2551_25.jpg,caps
IMG2551_41.jpg,caps